date,request,proposal,outcome,final_task
2024-01-01,"Schedule vet appointment for Mochi","Schedule vet appointment for Mochi on 2024-01-15 at 10:00","approved","Vet check-up on 2024-01-15 at 10:00"
2024-01-02,"Add daily feeding task for Luna","Add feeding task for Luna at 08:00 daily","edited","Feed Luna at 08:00 daily"
2024-01-03,"Schedule grooming for Mochi","Schedule grooming for Mochi on 2024-01-20 at 14:00","rejected",""2026-04-27,Schedule grooming for Mochi,Schedule grooming for Mochi on 2024-01-20 at 14:00,approved,Grooming on 2024-01-20 at 14:00
2026-04-27,Add feeding task for Luna,Add feeding task for Luna at 07:00 daily,edited,Feed Luna at 08:00 daily
2026-04-27,Schedule playtime for Mochi,Schedule playtime for Mochi at 16:00 daily,rejected,
2026-04-27,Test request,Test proposal,approved,Test final task
2026-04-28,Schedule grooming for Mochi,Schedule grooming for Mochi on 2024-01-20 at 14:00,approved,Grooming on 2024-01-20 at 14:00
2026-04-28,Add feeding task for Luna,Add feeding task for Luna at 07:00 daily,edited,Feed Luna at 08:00 daily
2026-04-28,Schedule playtime for Mochi,Schedule playtime for Mochi at 16:00 daily,rejected,
2026-04-28,Schedule grooming for Mochi,Grounded task proposal for: Schedule grooming for Mochi,approved,Schedule grooming for Mochi
2026-04-29,Schedule grooming for Mochi in the afternoon,Grounded task proposal for: Schedule grooming for Mochi,rejected,
2026-04-29,Schedule grooming for Mochi,Grounded task proposal for: Schedule grooming for Mochi,approved,Schedule grooming for Mochi
2026-04-29,Schedule grooming for Mochi,Grounded task proposal for: Schedule grooming for Mochi,approved,Schedule grooming appt for Mochi
2026-04-29,Schedule grooming for Mochi,Grounded task proposal for: Schedule grooming for Mochi,approved,Schedule grooming appt
2026-04-29,,Grounded task proposal for: buy new bed,approved,schedule in 8pm
2026-04-29,Schedule grooming for Mochi,Grounded task proposal for: Schedule grooming for Mochi,approved,Schedule grooming for Mochi
2026-04-29,Schedule grooming for Mochi,Grounded task proposal for: Schedule grooming for Mochi,approved,Schedule grooming for Mochi
2026-04-29,Schedule grooming for Mochi,Grounded task proposal for: Schedule grooming for Mochi,approved,Schedule grooming
2026-04-29,Schedule grooming for Mochi,Grounded task proposal for: Schedule grooming for Mochi,approved,Schedule grooming for 1 hour
2026-04-29,Schedule grooming for Mochi,Grounded task proposal for: Schedule grooming for Mochi,approved,Schedule grooming for Mochi
2026-04-29,Schedule grooming for Mochi,"{""description"": ""Grooming for Mochi"", ""time"": ""14:00"", ""date"": ""2026-04-29"", ""frequency"": ""monthly"", ""duration"": 60, ""priority"": ""medium"", ""rationale"": ""Scheduled at 14:00 to avoid conflict with the 08:00 morning walk, with monthly frequency typical for grooming appointments, consistent with past approved decisions that used the same time slot.""}",approved,Grooming for Mochi
2026-04-29,buy food,"{""description"": ""Buy pet food"", ""time"": ""10:00"", ""date"": ""2026-04-29"", ""frequency"": ""monthly"", ""duration"": 30, ""priority"": ""medium"", ""rationale"": ""Scheduled monthly at 10:00 to avoid conflicts with the daily morning walk at 08:00 and the monthly grooming session at 14:00, giving enough buffer time for a typical grocery or pet store run.""}",approved,Buy pet food
2026-04-29,buy toy,"{""description"": ""Buy pet toy"", ""time"": ""11:30"", ""date"": ""2026-04-29"", ""frequency"": ""monthly"", ""duration"": 45, ""priority"": ""medium"", ""rationale"": ""Scheduled at 11:30 to avoid conflicts with the morning walk (08:00-08:20) and Buy pet food task (10:00-11:00), and informed by past approved 'buy food' purchase decisions which suggest shopping tasks are routinely approved.""}",rejected,
2026-04-29,Schedule grooming for Mochi,"{""description"": ""Grooming for Mochi"", ""time"": ""14:00"", ""date"": ""2026-04-29"", ""frequency"": ""monthly"", ""duration"": 60, ""priority"": ""medium"", ""rationale"": ""Scheduled at 14:00 to avoid conflict with the 08:00 morning walk, consistent with the previously approved grooming time of 14:00 from past decisions.""}",rejected,
2026-04-29,Schedule grooming for Mochi,"{""description"": ""Grooming for Mochi"", ""time"": ""14:00"", ""date"": ""2026-04-29"", ""frequency"": ""monthly"", ""duration"": 60, ""priority"": ""medium"", ""rationale"": ""Scheduled at 14:00 based on past approved grooming sessions for Mochi, avoiding conflict with the daily 08:00 morning walk, with monthly frequency appropriate for standard grooming needs.""}",approved,Grooming for Mochi
2026-04-29,schedule doctor appointment,"{""description"": ""Doctor appointment"", ""time"": ""10:00"", ""date"": ""2026-04-30"", ""frequency"": ""monthly"", ""duration"": 60, ""priority"": ""high"", ""rationale"": ""Scheduled for 10:00 the next available day, avoiding conflict with the 08:00 morning walk, with high priority and monthly frequency to support regular health check-ups.""}",approved,Doctor appointment
2026-04-29,schedule doctor appointment for 2 hours on wednesday ,"{""description"": ""Doctor appointment"", ""time"": ""11:30"", ""date"": ""2026-04-29"", ""frequency"": ""monthly"", ""duration"": 120, ""priority"": ""high"", ""rationale"": ""Scheduled at 11:30 on Wednesday 2026-04-29 to avoid conflict with the existing morning walk at 08:00 and the monthly doctor appointment at 10:00, with a 2-hour duration as requested.""}",approved,Doctor appointment
2026-04-29,schedule doctor appointment for 2 hours on Wednesday,"{""description"": ""Doctor appointment"", ""time"": ""14:00"", ""date"": ""2026-04-29"", ""frequency"": ""monthly"", ""duration"": 120, ""priority"": ""high"", ""rationale"": ""Scheduled at 14:00 on Wednesday April 29 to avoid conflicts with existing morning appointments at 10:00 and 11:30, with a 2-hour duration as requested.""}",approved,Doctor appointment
2026-04-29,barking,"{""description"": ""Barking behavior training session"", ""time"": ""09:00"", ""date"": ""2026-04-29"", ""frequency"": ""daily"", ""duration"": 20, ""priority"": ""high"", ""rationale"": ""Scheduled at 09:00 for 20 minutes to fit between the morning walk (08:00-08:20) and the first doctor appointment (10:00), with daily frequency to reinforce consistent anti-barking training.""}",approved,Barking behavior training session
2026-04-29,barking,"{""description"": ""Barking behavior training session"", ""time"": ""09:00"", ""date"": ""2026-04-29"", ""frequency"": ""daily"", ""duration"": 15, ""priority"": ""medium"", ""rationale"": ""Scheduled at 09:00 to fit between the morning walk (08:00-08:20) and the first doctor appointment (10:00), with increased duration and medium priority to provide a more substantive training session than the existing 4-minute session at 00:00.""}",approved,Barking behavior training session
2026-04-29,Schedule grooming for Mochi,"{""description"": ""Grooming session for Mochi"", ""time"": ""14:00"", ""date"": ""2026-04-29"", ""frequency"": ""monthly"", ""duration"": 60, ""priority"": ""medium"", ""rationale"": ""Scheduled at 14:00 to avoid conflict with the 08:00 morning walk, with monthly frequency appropriate for standard pet grooming needs.""}",approved,Grooming session for Mochi
2026-04-29,Schedule doctor appointment for 2 hours,"{""description"": ""Doctor appointment"", ""time"": ""10:00"", ""date"": ""2026-04-29"", ""frequency"": ""monthly"", ""duration"": 120, ""priority"": ""high"", ""rationale"": ""Scheduled at 10:00 today to avoid conflict with the 08:00 morning walk and the 14:00 grooming session, with high priority as medical appointments are important.""}",approved,Doctor appointment
2026-04-29,Schedule grooming for Mochi,"{""description"": ""Grooming for Mochi"", ""time"": ""14:00"", ""date"": ""2026-04-29"", ""frequency"": ""monthly"", ""duration"": 60, ""priority"": ""medium"", ""rationale"": ""Scheduled at 14:00 to avoid conflict with the 10:00 morning walk, on a monthly frequency appropriate for routine pet grooming.""}",approved,Grooming for Mochi
2026-04-29,Schedule grooming for Mochi,"{""description"": ""Grooming for Mochi"", ""time"": ""14:00"", ""date"": ""2026-05-29"", ""frequency"": ""monthly"", ""duration"": 60, ""priority"": ""high"", ""rationale"": ""Scheduled the next monthly grooming session for Mochi on 2026-05-29 at 14:00, consistent with the established monthly grooming routine and avoiding any conflicts with existing tasks.""}",rejected,
2026-04-29,Schedule grooming for Mochi,"{""description"": ""Grooming session for Mochi"", ""time"": ""14:00"", ""date"": ""2026-04-29"", ""frequency"": ""monthly"", ""duration"": 60, ""priority"": ""medium"", ""rationale"": ""Scheduled at 14:00 to avoid conflict with the 08:00 morning walk, with monthly frequency as grooming is typically needed once a month for most pets.""}",approved,Grooming session for Mochi
2026-04-29,Schedule grooming for Mochi,"{""description"": ""Grooming for Mochi"", ""time"": ""14:00"", ""date"": ""2026-04-29"", ""frequency"": ""monthly"", ""duration"": 60, ""priority"": ""medium"", ""rationale"": ""Scheduled at 14:00 today to avoid conflict with the 08:00 morning walk, with monthly frequency as grooming is typically needed once a month for most pets.""}",approved,Grooming for Mochi
2026-04-29,Schedule grooming for Mochi,"{""description"": ""Grooming for Mochi"", ""time"": ""14:00"", ""date"": ""2026-05-29"", ""frequency"": ""monthly"", ""duration"": 60, ""priority"": ""medium"", ""rationale"": ""Scheduled the next monthly grooming session for Mochi on 2026-05-29 at 14:00, consistent with the existing monthly grooming routine and avoiding any conflicts with other tasks.""}",rejected,
2026-04-29,Schedule grooming for Mochi,"{""description"": ""Grooming for Mochi"", ""time"": ""14:00"", ""date"": ""2026-04-29"", ""frequency"": ""monthly"", ""duration"": 60, ""priority"": ""medium"", ""rationale"": ""Scheduled grooming at 14:00 today to avoid conflict with the 08:00 morning walk, set monthly as grooming is typically done once a month for most pets.""}",rejected,
2026-04-29,Schedule grooming for Caesar,"{""description"": ""Grooming for Caesar"", ""time"": ""14:00"", ""date"": ""2026-04-29"", ""frequency"": ""monthly"", ""duration"": 60, ""priority"": ""medium"", ""rationale"": ""Scheduled grooming for Caesar at 14:00 today, clear of the 08:00 morning walk, on a monthly frequency appropriate for standard pet grooming needs.""}",approved,Grooming for Caesar
2026-04-29,Schedule grooming for Caesar,"{""description"": ""Grooming for Caesar"", ""time"": ""15:00"", ""date"": ""2026-05-29"", ""frequency"": ""monthly"", ""duration"": 60, ""priority"": ""medium"", ""rationale"": ""Scheduled monthly grooming for Caesar at 15:00 on the next cycle date to avoid conflict with the existing 14:00 grooming slot already on the calendar.""}",approved,Grooming for Caesar
2026-04-29,Schedule grooming for Mochi,"{""description"": ""Grooming session for Mochi"", ""time"": ""14:00"", ""date"": ""2026-04-29"", ""frequency"": ""monthly"", ""duration"": 60, ""priority"": ""medium"", ""rationale"": ""Scheduled at 14:00 to avoid conflict with the 08:00 morning walk, with monthly frequency to maintain Mochi's coat health without over-grooming.""}",approved,Grooming session for Mochi
2026-04-29,Schedule grooming for Mochi,"{""description"": ""Grooming session for Mochi"", ""time"": ""15:30"", ""date"": ""2026-05-29"", ""frequency"": ""monthly"", ""duration"": 60, ""priority"": ""medium"", ""rationale"": ""Scheduled one month from today at 15:30 to avoid conflict with the existing 14:00 grooming slot, maintaining the established monthly grooming routine for Mochi.""}",rejected,
2026-04-29,Schedule grooming for Caesar for 2 hours,"{""description"": ""Grooming session for Caesar"", ""time"": ""10:00"", ""date"": ""2026-04-29"", ""frequency"": ""monthly"", ""duration"": 120, ""priority"": ""medium"", ""rationale"": ""Scheduled at 10:00 to avoid conflict with Caesar's daily morning walk at 08:00 and Mochi's grooming at 14:00, with a monthly frequency appropriate for a full 2-hour grooming session.""}",approved,Grooming session for Caesar
2026-04-29,get Caesar's medicine,"{""description"": ""Pick up medicine for Caesar"", ""time"": ""11:00"", ""date"": ""2026-04-29"", ""frequency"": ""monthly"", ""duration"": 30, ""priority"": ""high"", ""rationale"": ""Scheduled at 11:00 today to avoid conflicts with the morning walk at 08:00 and the grooming session at 10:00, marked high priority as medication pickup is time-sensitive for pet health.""}",approved,Pick up medicine for Caesar
2026-04-29,Schedule grooming for Mochi,"{""description"": ""Grooming appointment for Mochi"", ""time"": ""14:00"", ""date"": ""2026-04-29"", ""frequency"": ""monthly"", ""duration"": 60, ""priority"": ""medium"", ""rationale"": ""Scheduled Mochi's grooming at 14:00 today to avoid conflict with the 08:00 morning walk, with a monthly frequency appropriate for routine pet grooming maintenance.""}",approved,Grooming appointment for Mochi
2026-04-29,Schedule grooming for Mochi,"{""description"": ""Grooming appointment for Mochi"", ""time"": ""10:00"", ""date"": ""2026-05-29"", ""frequency"": ""monthly"", ""duration"": 60, ""priority"": ""medium"", ""rationale"": ""Scheduled one month from today at 10:00 to avoid conflicts with the existing 08:00 morning walk and 14:00 grooming slot, maintaining the established monthly grooming cadence for Mochi.""}",rejected,
2026-04-29,Schedule grooming for Caesar,"{""description"": ""Grooming for Caesar"", ""time"": ""10:00"", ""date"": ""2026-04-29"", ""frequency"": ""monthly"", ""duration"": 60, ""priority"": ""medium"", ""rationale"": ""Scheduled at 10:00 on a monthly basis to avoid conflicts with the daily 08:00 morning walk and the existing 14:00 monthly grooming for Mochi, while aligning with approved examples for Caesar's grooming tasks.""}",approved,Grooming for Caesar
2026-04-29,Schedule grooming for Mochi,"{""description"": ""Grooming session for Mochi"", ""time"": ""10:00"", ""date"": ""2026-04-29"", ""frequency"": ""monthly"", ""duration"": 60, ""priority"": ""medium"", ""rationale"": ""Scheduled at 10:00 to avoid conflict with the 08:00 daily walk, with monthly frequency appropriate for a standard grooming routine.""}",approved,Grooming session for Mochi
2026-04-29,Schedule grooming for Mochi,"{""description"": ""Grooming session for Mochi"", ""time"": ""14:00"", ""date"": ""2026-05-29"", ""frequency"": ""monthly"", ""duration"": 60, ""priority"": ""medium"", ""rationale"": ""Scheduled the next monthly grooming session for Mochi at 14:00 on 2026-05-29, one month after today, avoiding conflicts with the morning walk at 08:00 and the existing grooming session at 10:00.""}",rejected,
2026-04-29,Schedule grooming for Caesar,"{""description"": ""Grooming for Caesar"", ""time"": ""11:00"", ""date"": ""2026-04-29"", ""frequency"": ""monthly"", ""duration"": 60, ""priority"": ""medium"", ""rationale"": ""Scheduled at 11:00 to avoid conflicts with Caesar's 08:00 morning walk and Mochi's 10:00 grooming session, with monthly frequency and standard 60-minute duration typical for grooming appointments.""}",approved,Grooming for Caesar
2026-04-29,Caesar's doctors appt for 2 hours on Thursday,"{""description"": ""Doctor appointment for Caesar"", ""time"": ""14:00"", ""date"": ""2026-04-30"", ""frequency"": ""monthly"", ""duration"": 120, ""priority"": ""high"", ""rationale"": ""Scheduled for Thursday April 30 at 14:00 to avoid conflicts with the morning walk at 08:00 and grooming sessions at 10:00-12:00, with high priority as veterinary appointments are time-sensitive health matters.""}",approved,Doctor appointment for Caesar
2026-04-29,Schedule grooming for Mochi,"{""description"": ""Grooming session for Mochi"", ""time"": ""10:00"", ""date"": ""2026-04-29"", ""frequency"": ""monthly"", ""duration"": 60, ""priority"": ""medium"", ""rationale"": ""Scheduled at 10:00 to avoid conflict with the 08:00 daily morning walk, with monthly frequency appropriate for regular grooming maintenance.""}",approved,Grooming session for Mochi
2026-04-29,Schedule grooming for Caesar,"{""description"": ""Grooming session for Caesar"", ""time"": ""11:30"", ""date"": ""2026-04-29"", ""frequency"": ""monthly"", ""duration"": 60, ""priority"": ""medium"", ""rationale"": ""Scheduled at 11:30 to avoid conflict with the morning walk at 08:00 and Mochi's grooming session at 10:00, with monthly frequency and standard 60-minute duration consistent with approved grooming examples.""}",rejected,
2026-04-29,Schedule grooming for Mochi,"{""description"": ""Grooming session for Mochi"", ""time"": ""14:00"", ""date"": ""2026-04-29"", ""frequency"": ""monthly"", ""duration"": 60, ""priority"": ""medium"", ""rationale"": ""Scheduled at 14:00 to avoid conflict with the 08:00 morning walk, with monthly frequency to maintain Mochi's coat health without over-grooming.""}",approved,Grooming session for Mochi
2026-04-29,Schedule grooming for Mochi,"{""description"": ""Grooming session for Mochi"", ""time"": ""14:00"", ""date"": ""2026-05-29"", ""frequency"": ""monthly"", ""duration"": 60, ""priority"": ""medium"", ""rationale"": ""Scheduled monthly grooming for Mochi at 14:00 on the next monthly cycle, avoiding conflicts with the existing 11:00 grooming session and the daily 08:00 morning walk.""}",rejected,
2026-04-29,Schedule grooming for Caesar,"{""description"": ""Grooming session for Caesar"", ""time"": ""13:00"", ""date"": ""2026-04-29"", ""frequency"": ""monthly"", ""duration"": 60, ""priority"": ""medium"", ""rationale"": ""Scheduled at 13:00 monthly to avoid conflicts with Caesar's daily morning walk at 08:00 and Mochi's grooming session at 11:00, while aligning with previously approved grooming proposals for Caesar.""}",approved,Grooming session for Caesar
2026-04-29,Doctor's appt for Caesar for 2 hours,"{""description"": ""Doctor appointment for Caesar"", ""time"": ""14:30"", ""date"": ""2026-04-30"", ""frequency"": ""monthly"", ""duration"": 120, ""priority"": ""high"", ""rationale"": ""Scheduled for tomorrow at 14:30 to avoid conflicts with the daily morning walk at 08:00 and the monthly grooming sessions at 11:00 and 13:00, with high priority given the medical nature of the appointment.""}",approved,Doctor appointment for Caesar
2026-04-29,Schedule grooming for Mochi for two hours,"{""description"": ""Grooming session for Mochi"", ""time"": ""14:00"", ""date"": ""2026-04-29"", ""frequency"": ""monthly"", ""duration"": 120, ""priority"": ""medium"", ""rationale"": ""Scheduled at 14:00 today to avoid conflict with the 08:00 morning walk, with monthly frequency appropriate for a full two-hour grooming session.""}",approved,Grooming session for Mochi
2026-04-29,Schedule doctor's appt for two hours,"{""description"": ""Doctor appointment"", ""time"": ""10:00"", ""date"": ""2026-04-29"", ""frequency"": ""monthly"", ""duration"": 120, ""priority"": ""high"", ""rationale"": ""Scheduled at 10:00 today to avoid conflict with the 08:00 morning walk and the 14:00 grooming session, with high priority as medical appointments are time-sensitive.""}",rejected,
2026-04-29,Schedule doctor's appt for two hours,"{""description"": ""Doctor appointment for Caesar"", ""time"": ""11:00"", ""date"": ""2026-04-29"", ""frequency"": ""monthly"", ""duration"": 120, ""priority"": ""high"", ""rationale"": ""Scheduled at 11:00 to avoid conflict with the 08:00 morning walk and the 14:00 grooming session, differing from the previously rejected 10:00 slot while still keeping it within business hours.""}",rejected,
